<?xml version="1.0" encoding="UTF-8"?>
<project-private xmlns="http://www.netbeans.org/ns/project-private/1">
    <editor-bookmarks xmlns="http://www.netbeans.org/ns/editor-bookmarks/2" lastBookmarkId="0"/>
    <open-files xmlns="http://www.netbeans.org/ns/projectui-open-files/2">
        <group>
            <file>file:/C:/Users/Nicole%20Alvarado/OneDrive/Desktop/Progra%20Cliente-SERVIDOR/gitcodigo2/ProyectoPrograNikol/ProyectoPrograNikol/Fidecompro/src/fidecompro/ui/LoginFrame.java</file>
            <file>file:/C:/Users/Nicole%20Alvarado/OneDrive/Desktop/Progra%20Cliente-SERVIDOR/gitcodigo2/ProyectoPrograNikol/ProyectoPrograNikol/Fidecompro/src/fidecompro/Usuario.java</file>
            <file>file:/C:/Users/Nicole%20Alvarado/OneDrive/Desktop/Progra%20Cliente-SERVIDOR/gitcodigo2/ProyectoPrograNikol/ProyectoPrograNikol/Fidecompro/src/fidecompro/service/UsuarioService.java</file>
            <file>file:/C:/Users/Nicole%20Alvarado/OneDrive/Desktop/Progra%20Cliente-SERVIDOR/gitcodigo2/ProyectoPrograNikol/ProyectoPrograNikol/Fidecompro/src/fidecompro/Cliente.java</file>
        </group>
    </open-files>
</project-private>
